Date,Artist,Song,Rank,Top10_Tomorrow,Predicted_Probability,Predicted_Class
2026-04-05,Banjaare,Bairan,1,1,0.9997998651367239,1
2026-04-05,Shashwat Sachdev,Jaiye Sajana,2,1,0.9979713904503863,1
2026-04-05,Shashwat Sachdev,Gehra Hua,3,1,0.9981645859603477,1
2026-04-05,Mitta Ror,Sheesha - Aakhya Mai Aakh Ghali Jo Bairan,4,1,0.989636118367934,1
2026-04-05,Navjot Ahuja,Khat,5,1,0.994341466938662,1
2026-04-05,Shashwat Sachdev,Dhurandhar The Revenge - Aari Aari,6,1,0.9724125883537832,1
2026-04-05,Aditya Rikhari,Sahiba,7,1,0.9798513906019735,1
2026-04-05,Paresh Pahuja,Dooron Dooron,8,1,0.9423966240758314,1
2026-04-05,Arijit Singh,Sitaare,9,1,0.7575492983408214,1
2026-04-05,Sachin-Jigar,Apna Bana Le,10,0,0.7001426377434264,1
2026-04-05,Shashwat Sachdev,Jaan Se Guzarte Hain,11,1,0.14742997857664236,0
2026-04-05,Sai Abhyankkar,Pavazha Malli,12,0,0.05205406294915712,0
2026-04-05,Kushagra,Finding Her,13,0,0.22409020102729627,0
2026-04-05,Jawad Ahmad,Samjhawan,14,0,0.05938510112159104,0
2026-04-05,Shashwat Sachdev,Shararat,15,0,0.007875134202772999,0
2026-04-05,Anuv Jain,Arz Kiya Hai | Coke Studio Bharat,16,0,0.020593565639981305,0
2026-04-05,Karan Aujla,Boyfriend,17,0,0.0003934946756208786,0
2026-04-05,Shashwat Sachdev,Dhurandhar - Title Track,18,0,0.0022848051300590976,0
2026-04-05,Faheem Abdullah,Ishq,19,0,0.0012293534675241018,0
2026-04-05,Gajendra Verma,Mann Mera,20,0,0.0008444371246348902,0
2026-04-05,Tanishk Bagchi,Saiyaara,21,0,0.0002482108142675235,0
2026-04-05,Karan Aujla,For A Reason,22,0,6.154489472488591e-06,0
2026-04-05,Virat,Bairi,23,0,2.3948150468399446e-06,0
2026-04-05,A.R. Rahman,Deewaana Deewaana,24,0,2.6601988107394163e-05,0
2026-04-05,Sachet-Parampara,Raanjhan,25,0,1.9240624061061506e-05,0
2026-04-05,Shashwat Sachdev,Naal Nachna,26,0,1.131094445596791e-06,0
2026-04-05,Zeeshan Ali,Ishqa Ve,27,0,1.1686784618986291e-06,0
2026-04-05,Shashwat Sachdev,Phir Se,28,0,4.152562080870099e-08,0
2026-04-05,Vishal Mishra,Tum Ho Toh,29,0,2.947044608917928e-07,0
2026-04-05,Atif Aslam,Tere Liye,30,0,1.345203400615961e-07,0
2026-04-05,Mithoon,Darkhaast,31,0,3.481151084543211e-08,0
2026-04-05,Shashwat Sachdev,Run Down The City - Monica,32,0,2.752866389044543e-09,0
2026-04-05,Shashwat Sachdev,Lutt Le Gaya,33,0,4.890917050450426e-09,0
2026-04-05,Talwiinder,Haseen,34,0,3.264973259515264e-10,0
2026-04-05,Anuv Jain,Jo Tum Mere Ho,35,0,2.666900315976755e-09,0
2026-04-05,A.R. Rahman,Tere Bina,36,0,4.094348697162879e-10,0
2026-04-05,Alka Yagnik,Agar Tum Saath Ho,37,0,2.6991378409829115e-10,0
2026-04-05,The Rish,Barbaad,38,0,2.2055057074325656e-10,0
2026-04-05,G. V. Prakash,Mutta Kalakki,39,0,1.4035486885225528e-09,0
2026-04-05,Shashwat Sachdev,Ishq Jalakar - Karvaan,40,0,1.8141509615183938e-11,0
2026-04-05,Kailash Kher,Teri Deewani,41,0,1.2864742724531187e-10,0
2026-04-05,Gajendra Verma,Mann Mera - Original Version,42,0,3.283580284850803e-11,0
2026-04-05,Pritam,Ye Tune Kya Kiya,43,0,2.0546845247007958e-12,0
2026-04-05,Faheem Abdullah,Ehsaas,44,0,3.0004678101895747e-12,0
2026-04-05,Anirudh Ravichander,Aaya Sher,45,0,7.831671272648567e-14,0
2026-04-05,Shashwat Sachdev,Main Aur Tu,46,0,5.573481367045619e-14,0
2026-04-05,Dhanda Nyoliwala,Not Guilty,47,0,4.033479463031808e-13,0
2026-04-05,Mithoon,Dhun,48,0,1.231071399594948e-13,0
2026-04-05,Arijit Singh,Zaalima,49,0,7.214300616659357e-14,0
2026-04-05,Arijit Singh,Humdard,50,0,6.069459150153052e-14,0
2026-04-06,Banjaare,Bairan,1,1,0.9998057550829501,1
2026-04-06,Shashwat Sachdev,Jaiye Sajana,2,1,0.9980420582559657,1
2026-04-06,Shashwat Sachdev,Gehra Hua,3,1,0.9979612991545477,1
2026-04-06,Mitta Ror,Sheesha - Aakhya Mai Aakh Ghali Jo Bairan,4,1,0.9912109488246923,1
2026-04-06,Navjot Ahuja,Khat,5,1,0.994510165185308,1
2026-04-06,Shashwat Sachdev,Dhurandhar The Revenge - Aari Aari,6,1,0.9733122661986814,1
2026-04-06,Paresh Pahuja,Dooron Dooron,7,1,0.9779105407387293,1
2026-04-06,Aditya Rikhari,Sahiba,8,1,0.9269936867403648,1
2026-04-06,Shashwat Sachdev,Jaan Se Guzarte Hain,9,0,0.5869897009346512,1
2026-04-06,Arijit Singh,Sitaare,10,1,0.616449148460043,1
2026-04-06,Sachin-Jigar,Apna Bana Le,11,1,0.444337921293999,0
2026-04-06,Jawad Ahmad,Samjhawan,12,0,0.2548332246372311,0
2026-04-06,Sai Abhyankkar,Pavazha Malli,13,0,0.027495880839263444,0
2026-04-06,Kushagra,Finding Her,14,0,0.09002179531956682,0
2026-04-06,Anuv Jain,Arz Kiya Hai | Coke Studio Bharat,15,0,0.06120445416213561,0
2026-04-06,Karan Aujla,Boyfriend,16,0,0.0006206705854878184,0
2026-04-06,Faheem Abdullah,Ishq,17,0,0.008691038938657478,0
2026-04-06,Shashwat Sachdev,Shararat,18,0,0.00039182250055191855,0
2026-04-06,Gajendra Verma,Mann Mera,19,0,0.0017435059377926554,0
2026-04-06,Shashwat Sachdev,Dhurandhar - Title Track,20,0,0.00029751393262108264,0
2026-04-06,Tanishk Bagchi,Saiyaara,21,0,0.0002561742463077641,0
2026-04-06,Karan Aujla,For A Reason,22,0,3.6957183402831606e-06,0
2026-04-06,Virat,Bairi,23,0,2.831957869407863e-06,0
2026-04-06,Shashwat Sachdev,Phir Se,24,0,2.061096037328155e-06,0
2026-04-06,A.R. Rahman,Deewaana Deewaana,25,0,1.1959234130154475e-05,0
2026-04-06,Sachet-Parampara,Raanjhan,26,0,5.034300208688514e-06,0
2026-04-06,Atif Aslam,Tere Liye,27,0,1.4589544465986516e-06,0
2026-04-06,Shashwat Sachdev,Naal Nachna,28,0,1.1235067416540288e-07,0
2026-04-06,Vishal Mishra,Tum Ho Toh,29,0,3.4908460052725086e-07,0
2026-04-06,Zeeshan Ali,Ishqa Ve,30,0,9.978330575000234e-08,0
2026-04-06,Mithoon,Darkhaast,31,0,5.416868274800285e-08,0
2026-04-06,Shashwat Sachdev,Run Down The City - Monica,32,0,1.6583985875869385e-09,0
2026-04-06,Shashwat Sachdev,Lutt Le Gaya,33,0,5.054326395936266e-09,0
2026-04-06,Anuv Jain,Jo Tum Mere Ho,34,0,4.819284692809029e-09,0
2026-04-06,Talwiinder,Haseen,35,0,9.785635967613172e-11,0
2026-04-06,The Rish,Barbaad,36,0,2.7062514381378457e-09,0
2026-04-06,Alka Yagnik,Agar Tum Saath Ho,37,0,3.192705676591202e-10,0
2026-04-06,A.R. Rahman,Tere Bina,38,0,4.0865732060672414e-11,0
2026-04-06,Kailash Kher,Teri Deewani,39,0,1.581495974773636e-09,0
2026-04-06,Dhanda Nyoliwala,Not Guilty,40,0,2.950894953490613e-10,0
2026-04-06,Pritam,Ye Tune Kya Kiya,41,0,8.505445356493574e-12,0
2026-04-06,Gajendra Verma,Mann Mera - Original Version,42,0,1.5263153479057524e-11,0
2026-04-06,Shashwat Sachdev,Main Aur Tu,43,0,1.0269599235095008e-12,0
2026-04-06,Faheem Abdullah,Ehsaas,44,0,2.3645586885972545e-12,0
2026-04-06,Anirudh Ravichander,Aaya Sher,45,0,7.063660203430794e-14,0
2026-04-06,G. V. Prakash,Mutta Kalakki,46,0,6.613264786600893e-13,0
2026-04-06,Shashwat Sachdev,Ishq Jalakar - Karvaan,47,0,2.430048785554976e-14,0
2026-04-06,thiarajxtt,Jogi,48,0,2.99548878709786e-14,0
2026-04-06,Arijit Singh,Mast Magan,49,0,1.327916748887765e-12,0
2026-04-06,Mithoon,Dhun,50,0,1.0672920920982513e-14,0
2026-04-07,Banjaare,Bairan,1,1,0.9998114717214159,1
2026-04-07,Shashwat Sachdev,Jaiye Sajana,2,1,0.9981094959346309,1
2026-04-07,Shashwat Sachdev,Gehra Hua,3,1,0.9980221253715914,1
2026-04-07,Mitta Ror,Sheesha - Aakhya Mai Aakh Ghali Jo Bairan,4,1,0.9914743670673731,1
2026-04-07,Navjot Ahuja,Khat,5,1,0.9946736675360843,1
2026-04-07,Shashwat Sachdev,Dhurandhar The Revenge - Aari Aari,6,1,0.9741758513698104,1
2026-04-07,Aditya Rikhari,Sahiba,7,1,0.9717344012787446,1
2026-04-07,Paresh Pahuja,Dooron Dooron,8,1,0.9380875475300816,1
2026-04-07,Sachin-Jigar,Apna Bana Le,9,1,0.832230629085608,1
2026-04-07,Arijit Singh,Sitaare,10,1,0.685007898552656,1
2026-04-07,Shashwat Sachdev,Jaan Se Guzarte Hain,11,0,0.1958902770200068,0
2026-04-07,Jawad Ahmad,Samjhawan,12,0,0.2356002595722596,0
2026-04-07,Kushagra,Finding Her,13,0,0.2113074485531899,0
2026-04-07,Sai Abhyankkar,Pavazha Malli,14,0,0.01097697107258434,0
2026-04-07,Anuv Jain,Arz Kiya Hai | Coke Studio Bharat,15,0,0.0554631366189823,0
2026-04-07,Karan Aujla,Boyfriend,16,0,0.0008407044066614799,0
2026-04-07,Faheem Abdullah,Ishq,17,0,0.008976946502253025,0
2026-04-07,Shashwat Sachdev,Shararat,18,0,0.0004043797629274804,0
2026-04-07,Shashwat Sachdev,Dhurandhar - Title Track,19,0,0.00070390343422548,0
2026-04-07,Tanishk Bagchi,Saiyaara,20,0,0.0005290591609821149,0
2026-04-07,Gajendra Verma,Mann Mera,21,0,0.0002602359543670509,0
2026-04-07,Zeeshan Ali,Ishqa Ve,22,0,0.00011669658256943278,0
2026-04-07,thiarajxtt,Jogi,23,0,0.00519386059251709,0
2026-04-07,Sachet-Parampara,Raanjhan,24,0,4.1052589240461836e-05,0
2026-04-07,Virat,Bairi,25,0,4.227223987425225e-07,0
2026-04-07,Karan Aujla,For A Reason,26,0,9.104017016510743e-08,0
2026-04-07,Anuv Jain,Jo Tum Mere Ho,27,0,3.2255787570087994e-06,0
2026-04-07,Atif Aslam,Tere Liye,28,0,7.519981542404245e-07,0
2026-04-07,Shashwat Sachdev,Phir Se,29,0,4.362869067845276e-08,0
2026-04-07,Shashwat Sachdev,Naal Nachna,30,0,1.9202493435137217e-08,0
2026-04-07,Mithoon,Darkhaast,31,0,7.357257079242149e-08,0
2026-04-07,A.R. Rahman,Deewaana Deewaana,32,0,1.387785585009185e-08,0
2026-04-07,Talwiinder,Haseen,33,0,5.314175114346615e-10,0
2026-04-07,Shashwat Sachdev,Run Down The City - Monica,34,0,3.250666010972834e-10,0
2026-04-07,Vishal Mishra,Tum Ho Toh,35,0,1.2393296617492767e-09,0
2026-04-07,Shashwat Sachdev,Lutt Le Gaya,36,0,3.2794276823501085e-10,0
2026-04-07,Alka Yagnik,Agar Tum Saath Ho,37,0,4.324435509311137e-10,0
2026-04-07,A.R. Rahman,Tere Bina,38,0,1.637889892332233e-11,0
2026-04-07,The Rish,Barbaad,39,0,1.535065200355253e-10,0
2026-04-07,Pritam,Ye Tune Kya Kiya,40,0,1.7599867056981513e-11,0
2026-04-07,Kailash Kher,Teri Deewani,41,0,1.3691235137942916e-10,0
2026-04-07,Hariharan,Shree Hanuman Chalisa,42,0,1.6491845782424752e-12,0
2026-04-07,Arijit Singh,Zaalima,43,0,1.9711681524936546e-11,0
2026-04-07,Gajendra Verma,Mann Mera - Original Version,44,0,2.287221448900577e-12,0
2026-04-07,Shashwat Sachdev,Ishq Jalakar - Karvaan,45,0,1.3212545688486316e-13,0
2026-04-07,AP Dhillon,Thodi Si Daaru,46,0,1.122881042017726e-13,0
2026-04-07,Arijit Singh,Mast Magan,47,0,7.20609953744633e-12,0
2026-04-07,G. V. Prakash,Mutta Kalakki,48,0,1.0065899483620637e-13,0
2026-04-07,Shashwat Sachdev,Main Aur Tu,49,0,5.454003451474819e-15,0
2026-04-07,Anirudh Ravichander,Aaya Sher,50,0,7.573853837317248e-16,0
2026-04-08,Banjaare,Bairan,1,1,0.9998170201496919,1
2026-04-08,Shashwat Sachdev,Jaiye Sajana,2,1,0.9981739490662461,1
2026-04-08,Shashwat Sachdev,Gehra Hua,3,1,0.998081083014522,1
2026-04-08,Mitta Ror,Sheesha - Aakhya Mai Aakh Ghali Jo Bairan,4,1,0.9917293653963991,1
2026-04-08,Navjot Ahuja,Khat,5,1,0.9948321575343507,1
2026-04-08,Shashwat Sachdev,Dhurandhar The Revenge - Aari Aari,6,1,0.9750057363397806,1
2026-04-08,Paresh Pahuja,Dooron Dooron,7,1,0.9761941894972733,1
2026-04-08,Sachin-Jigar,Apna Bana Le,8,1,0.9307647825302264,1
2026-04-08,Aditya Rikhari,Sahiba,9,1,0.8365132190634806,1
2026-04-08,Arijit Singh,Sitaare,10,0,0.5989353223665383,1
2026-04-08,Jawad Ahmad,Samjhawan,11,1,0.5564930414068108,1
2026-04-08,Shashwat Sachdev,Jaan Se Guzarte Hain,12,0,0.11183115581529007,0
2026-04-08,Kushagra,Finding Her,13,0,0.19441649555293808,0
2026-04-08,Karan Aujla,Boyfriend,14,0,0.005205614385777917,0
2026-04-08,Sai Abhyankkar,Pavazha Malli,15,0,0.0037898353665078103,0
2026-04-08,Anuv Jain,Arz Kiya Hai | Coke Studio Bharat,16,0,0.019709911141479606,0
2026-04-08,Shashwat Sachdev,Shararat,17,0,0.0010947933569397917,0
2026-04-08,Faheem Abdullah,Ishq,18,0,0.003546444160090252,0
2026-04-08,Gajendra Verma,Mann Mera,19,0,0.0018468402053312088,0
2026-04-08,Tanishk Bagchi,Saiyaara,20,0,0.0005459331205831758,0
2026-04-08,Mithoon,Darkhaast,21,0,0.0006811969730801079,0
2026-04-08,Zeeshan Ali,Ishqa Ve,22,0,0.00023779639082588484,0
2026-04-08,Vishal Mishra,Tum Ho Toh,23,0,7.774272016785973e-05,0
2026-04-08,Shashwat Sachdev,Dhurandhar - Title Track,24,0,7.4726285973436215e-06,0
2026-04-08,Shashwat Sachdev,Naal Nachna,25,0,2.8307024527471346e-06,0
2026-04-08,Karan Aujla,For A Reason,26,0,8.209960750920483e-08,0
2026-04-08,Sachet-Parampara,Raanjhan,27,0,1.0316174520921989e-06,0
2026-04-08,A.R. Rahman,Deewaana Deewaana,28,0,3.442866655906618e-07,0
2026-04-08,Virat,Bairi,29,0,6.049715446838471e-09,0
2026-04-08,Anuv Jain,Jo Tum Mere Ho,30,0,2.7516289594173065e-07,0
2026-04-08,Atif Aslam,Tere Liye,31,0,4.2648889551758236e-08,0
2026-04-08,Shashwat Sachdev,Phir Se,32,0,2.4878780854046575e-09,0
2026-04-08,Alka Yagnik,Agar Tum Saath Ho,33,0,1.6099381833306123e-08,0
2026-04-08,A.R. Rahman,Tere Bina,34,0,4.101970081838857e-09,0
2026-04-08,Shashwat Sachdev,Run Down The City - Monica,35,0,2.5208048100071524e-10,0
2026-04-08,Talwiinder,Haseen,36,0,3.014245765822626e-11,0
2026-04-08,The Rish,Barbaad,37,0,5.555510783182571e-10,0
2026-04-08,Shashwat Sachdev,Lutt Le Gaya,38,0,3.25918221602346e-11,0
2026-04-08,Kailash Kher,Teri Deewani,39,0,8.534819434782979e-10,0
2026-04-08,thiarajxtt,Jogi,40,0,1.4622387609627452e-10,0
2026-04-08,Pritam,Ye Tune Kya Kiya,41,0,1.5610294552395142e-11,0
2026-04-08,Gajendra Verma,Mann Mera - Original Version,42,0,2.8285034757865697e-11,0
2026-04-08,Faheem Abdullah,Ehsaas,43,0,4.340420546988888e-09,0
2026-04-08,Mithoon,Dhun,44,0,2.916169277073732e-12,0
2026-04-08,Arijit Singh,Zaalima,45,0,2.094494292356108e-12,0
2026-04-08,AP Dhillon,Thodi Si Daaru,46,0,7.701910692802487e-14,0
2026-04-08,Shashwat Sachdev,Main Aur Tu,47,0,5.075616905817371e-14,0
2026-04-08,Shashwat Sachdev,Ishq Jalakar - Karvaan,48,0,7.499545468889922e-15,0
2026-04-08,Arijit Singh,Mast Magan,49,0,5.647215836244868e-13,0
2026-04-08,Anirudh Ravichander,Aaya Sher,50,0,6.829283934127132e-16,0
2026-04-09,Banjaare,Bairan,1,1,0.9998224053155209,1
2026-04-09,Shashwat Sachdev,Jaiye Sajana,2,1,0.9982356329069165,1
2026-04-09,Shashwat Sachdev,Gehra Hua,3,1,0.998138236541892,1
2026-04-09,Mitta Ror,Sheesha - Aakhya Mai Aakh Ghali Jo Bairan,4,1,0.9919763041214261,1
2026-04-09,Navjot Ahuja,Khat,5,1,0.9949858084982142,1
2026-04-09,Paresh Pahuja,Dooron Dooron,6,1,0.9897875386809415,1
2026-04-09,Shashwat Sachdev,Dhurandhar The Revenge - Aari Aari,7,1,0.9387650376281075,1
2026-04-09,Sachin-Jigar,Apna Bana Le,8,1,0.9407727987605221,1
2026-04-09,Jawad Ahmad,Samjhawan,9,0,0.8718073366172063,1
2026-04-09,Aditya Rikhari,Sahiba,10,1,0.6968317068186133,1
2026-04-09,Shashwat Sachdev,Jaan Se Guzarte Hain,11,0,0.20738372841689803,0
2026-04-09,Kushagra,Finding Her,12,0,0.4281065360287283,0
2026-04-09,Arijit Singh,Sitaare,13,1,0.08796591841910582,0
2026-04-09,Sai Abhyankkar,Pavazha Malli,14,0,0.011686033775855404,0
2026-04-09,Anuv Jain,Arz Kiya Hai | Coke Studio Bharat,15,0,0.04537418073699686,0
2026-04-09,Karan Aujla,Boyfriend,16,0,0.0006811293754744439,0
2026-04-09,Gajendra Verma,Mann Mera,17,0,0.011357235170065389,0
2026-04-09,Shashwat Sachdev,Shararat,18,0,0.0006458160519920296,0
2026-04-09,Faheem Abdullah,Ishq,19,0,0.0010648910738082923,0
2026-04-09,Tanishk Bagchi,Saiyaara,20,0,0.0005632932543620776,0
2026-04-09,Atif Aslam,Tere Liye,21,0,0.0004437181530943103,0
2026-04-09,Mithoon,Darkhaast,22,0,0.0002683161542063807,0
2026-04-09,Zeeshan Ali,Ishqa Ve,23,0,0.0001405293939605475,0
2026-04-09,Karan Aujla,For A Reason,24,0,5.842136429366947e-07,0
2026-04-09,Shashwat Sachdev,Dhurandhar - Title Track,25,0,3.847121031734172e-06,0
2026-04-09,Shashwat Sachdev,Naal Nachna,26,0,1.458387044145702e-06,0
2026-04-09,Virat,Bairi,27,0,4.2997956709682245e-08,0
2026-04-09,Vishal Mishra,Tum Ho Toh,28,0,6.371109893444883e-07,0
2026-04-09,A.R. Rahman,Deewaana Deewaana,29,0,1.5488594652446125e-07,0
2026-04-09,Shashwat Sachdev,Phir Se,30,0,1.0382368109973914e-08,0
2026-04-09,Sachet-Parampara,Raanjhan,31,0,2.5431150099582354e-08,0
2026-04-09,Alka Yagnik,Agar Tum Saath Ho,32,0,4.366822567208925e-08,0
2026-04-09,A.R. Rahman,Tere Bina,33,0,1.4633571188170294e-08,0
2026-04-09,thiarajxtt,Jogi,34,0,3.502794348136932e-08,0
2026-04-09,Anuv Jain,Jo Tum Mere Ho,35,0,1.966458242458015e-09,0
2026-04-09,Talwiinder,Haseen,36,0,3.566023313380707e-11,0
2026-04-09,The Rish,Barbaad,37,0,4.3770110341970056e-10,0
2026-04-09,Shashwat Sachdev,Run Down The City - Monica,38,0,1.4299444144478586e-11,0
2026-04-09,Shashwat Sachdev,Lutt Le Gaya,39,0,1.2804273715466788e-11,0
2026-04-09,Kailash Kher,Teri Deewani,40,0,2.5559160485170746e-10,0
2026-04-09,Gajendra Verma,Mann Mera - Original Version,41,0,7.735875135486957e-11,0
2026-04-09,Pritam,Ye Tune Kya Kiya,42,0,4.6775184834822646e-12,0
2026-04-09,Faheem Abdullah,Ehsaas,43,0,3.648816285334477e-09,0
2026-04-09,Dhanda Nyoliwala,Not Guilty,44,0,1.6127659298820668e-10,0
2026-04-09,Arijit Singh,Mast Magan,45,0,2.7082429290998496e-11,0
2026-04-09,AP Dhillon,Thodi Si Daaru,46,0,7.93549683349454e-14,0
2026-04-09,Jind Universe,High On You,47,0,1.3178600266060288e-14,0
2026-04-09,Shashwat Sachdev,Main Aur Tu,48,0,1.3320144836923623e-14,0
2026-04-09,Anirudh Ravichander,Aaya Sher,49,0,1.851253514727137e-15,0
2026-04-09,Shashwat Sachdev,Ishq Jalakar - Karvaan,50,0,2.8962673114726733e-15,0
2026-04-10,Banjaare,Bairan,1,1,0.9998276320212168,1
2026-04-10,Shashwat Sachdev,Jaiye Sajana,2,1,0.9982947371019167,1
2026-04-10,Shashwat Sachdev,Gehra Hua,3,1,0.9981936471147406,1
2026-04-10,Mitta Ror,Sheesha - Aakhya Mai Aakh Ghali Jo Bairan,4,1,0.9922155107005527,1
2026-04-10,Navjot Ahuja,Khat,5,1,0.9951347847053643,1
2026-04-10,Shashwat Sachdev,Dhurandhar The Revenge - Aari Aari,6,1,0.9765556133564324,1
2026-04-10,Paresh Pahuja,Dooron Dooron,7,1,0.9775310884666083,1
2026-04-10,Sachin-Jigar,Apna Bana Le,8,1,0.9258880574434207,1
2026-04-10,Arijit Singh,Sitaare,9,1,0.8242011871180428,1
2026-04-10,Aditya Rikhari,Sahiba,10,1,0.6742646521041884,1
2026-04-10,Shashwat Sachdev,Jaan Se Guzarte Hain,11,0,0.26228328619583036,0
2026-04-10,Jawad Ahmad,Samjhawan,12,0,0.27779934137936263,0
2026-04-10,Sai Abhyankkar,Pavazha Malli,13,0,0.03544462956417919,0
2026-04-10,Kushagra,Finding Her,14,0,0.08868196919709695,0
2026-04-10,Karan Aujla,Boyfriend,15,0,0.0018457009591578417,0
2026-04-10,Anuv Jain,Arz Kiya Hai | Coke Studio Bharat,16,0,0.018297103819620485,0
2026-04-10,Shashwat Sachdev,Shararat,17,0,0.0017476451798050254,0
2026-04-10,Gajendra Verma,Mann Mera,18,0,0.005877786642471645,0
2026-04-10,Faheem Abdullah,Ishq,19,0,0.0010996807768440377,0
2026-04-10,Karan Aujla,For A Reason,20,0,4.915040828992146e-05,0
2026-04-10,Tanishk Bagchi,Saiyaara,21,0,0.00019305381408159166,0
2026-04-10,Zeeshan Ali,Ishqa Ve,22,0,0.0001289898232511954,0
2026-04-10,Shashwat Sachdev,Naal Nachna,23,0,3.58200216819736e-05,0
2026-04-10,Virat,Bairi,24,0,1.0510245658857532e-06,0
2026-04-10,Shashwat Sachdev,Dhurandhar - Title Track,25,0,3.4668140490285124e-06,0
2026-04-10,Atif Aslam,Tere Liye,26,0,4.1577203329876155e-06,0
2026-04-10,Mithoon,Darkhaast,27,0,2.2014647707957573e-06,0
2026-04-10,A.R. Rahman,Deewaana Deewaana,28,0,1.085743828733656e-06,0
2026-04-10,Shashwat Sachdev,Phir Se,29,0,5.5849992877654285e-08,0
2026-04-10,Vishal Mishra,Tum Ho Toh,30,0,2.1507874279272393e-07,0
2026-04-10,Sachet-Parampara,Raanjhan,31,0,2.0024413187970356e-08,0
2026-04-10,Alka Yagnik,Agar Tum Saath Ho,32,0,4.5088626251016296e-08,0
2026-04-10,thiarajxtt,Jogi,33,0,3.573439523337456e-09,0
2026-04-10,A.R. Rahman,Tere Bina,34,0,5.761947692369776e-09,0
2026-04-10,Anuv Jain,Jo Tum Mere Ho,35,0,7.864555209329742e-10,0
2026-04-10,Shashwat Sachdev,Lutt Le Gaya,36,0,3.5949502290335824e-10,0
2026-04-10,The Rish,Barbaad,37,0,6.793205096649032e-10,0
2026-04-10,Kailash Kher,Teri Deewani,38,0,2.3918476016217263e-09,0
2026-04-10,Shashwat Sachdev,Run Down The City - Monica,39,0,7.380703796045699e-12,0
2026-04-10,Talwiinder,Haseen,40,0,5.854382259312854e-13,0
2026-04-10,Pritam,Ye Tune Kya Kiya,41,0,1.1080082028329612e-11,0
2026-04-10,Arijit Singh,Zaalima,42,0,2.5716484604868833e-11,0
2026-04-10,Arijit Singh,Mast Magan,43,0,1.4932264094998845e-10,0
2026-04-10,Faheem Abdullah,Ehsaas,44,0,1.3032532700257267e-09,0
2026-04-10,Shashwat Sachdev,Main Aur Tu,45,0,5.588171452759363e-13,0
2026-04-10,Dhanda Nyoliwala,Not Guilty,46,0,2.100304705689012e-11,0
2026-04-10,Gajendra Verma,Mann Mera - Original Version,47,0,3.08103467380084e-13,0
2026-04-10,Shashwat Sachdev,Ishq Jalakar - Karvaan,48,0,1.5739639971248295e-14,0
2026-04-10,G. V. Prakash,Mutta Kalakki,49,0,1.3910581756911737e-13,0
2026-04-10,Maanu,Jhol - Acoustic,50,0,3.826383874316901e-14,0
2026-04-11,Banjaare,Bairan,1,1,0.9998327049279326,1
2026-04-11,Shashwat Sachdev,Jaiye Sajana,2,1,0.998351429674106,1
2026-04-11,Shashwat Sachdev,Gehra Hua,3,1,0.9982473729396205,1
2026-04-11,Mitta Ror,Sheesha - Aakhya Mai Aakh Ghali Jo Bairan,4,1,0.9924472857961387,1
2026-04-11,Navjot Ahuja,Khat,5,1,0.9952792423575335,1
2026-04-11,Aditya Rikhari,Sahiba,6,1,0.9924725721824275,1
2026-04-11,Paresh Pahuja,Dooron Dooron,7,1,0.975107057107417,1
2026-04-11,Shashwat Sachdev,Dhurandhar The Revenge - Aari Aari,8,1,0.8614422913591582,1
2026-04-11,Sachin-Jigar,Apna Bana Le,9,0,0.8105130773630979,1
2026-04-11,Arijit Singh,Sitaare,10,1,0.6477941536255482,1
2026-04-11,Jawad Ahmad,Samjhawan,11,1,0.47652140968636103,0
2026-04-11,Shashwat Sachdev,Jaan Se Guzarte Hain,12,0,0.1381472108317408,0
2026-04-11,Karan Aujla,Boyfriend,13,0,0.00994025836349364,0
2026-04-11,Sai Abhyankkar,Pavazha Malli,14,0,0.016247498097991257,0
2026-04-11,Kushagra,Finding Her,15,0,0.0367660527612457,0
2026-04-11,Anuv Jain,Arz Kiya Hai | Coke Studio Bharat,16,0,0.021539540104210084,0
2026-04-11,Shashwat Sachdev,Shararat,17,0,0.001574732305142693,0
2026-04-11,Faheem Abdullah,Ishq,18,0,0.0034082351340021994,0
2026-04-11,Gajendra Verma,Mann Mera,19,0,0.0017657266467892127,0
2026-04-11,Tanishk Bagchi,Saiyaara,20,0,0.0005228226454630639,0
2026-04-11,Karan Aujla,For A Reason,21,0,1.930687559895128e-05,0
2026-04-11,Shashwat Sachdev,Dhurandhar - Title Track,22,0,0.00012730732113416956,0
2026-04-11,Zeeshan Ali,Ishqa Ve,23,0,5.072546904252679e-05,0
2026-04-11,Virat,Bairi,24,0,1.866502264651408e-06,0
2026-04-11,Shashwat Sachdev,Naal Nachna,25,0,2.712633543710133e-06,0
2026-04-11,Atif Aslam,Tere Liye,26,0,6.454278848661843e-06,0
2026-04-11,Vishal Mishra,Tum Ho Toh,27,0,7.917423662782366e-07,0
2026-04-11,Anuv Jain,Jo Tum Mere Ho,28,0,1.041621514421033e-06,0
2026-04-11,Sachet-Parampara,Raanjhan,29,0,2.1411861995476745e-07,0
2026-04-11,A.R. Rahman,Deewaana Deewaana,30,0,9.419572699250289e-08,0
2026-04-11,Mithoon,Darkhaast,31,0,1.225550283693707e-08,0
2026-04-11,A.R. Rahman,Tere Bina,32,0,2.3913447472978288e-08,0
2026-04-11,Alka Yagnik,Agar Tum Saath Ho,33,0,1.0291843227791245e-08,0
2026-04-11,Shashwat Sachdev,Phir Se,34,0,6.881082377655926e-10,0
2026-04-11,Shashwat Sachdev,Lutt Le Gaya,35,0,1.279591301315515e-09,0
2026-04-11,Kailash Kher,Teri Deewani,36,0,1.3009626252767716e-08,0
2026-04-11,Talwiinder,Haseen,37,0,1.6424024536905028e-11,0
2026-04-11,Pritam,Ye Tune Kya Kiya,38,0,2.370041164261367e-10,0
2026-04-11,The Rish,Barbaad,39,0,7.733769382505106e-11,0
2026-04-11,Faheem Abdullah,Ehsaas,40,0,6.306148779312594e-08,0
2026-04-11,Shashwat Sachdev,Run Down The City - Monica,41,0,1.263557253849389e-12,0
2026-04-11,Arijit Singh,Mast Magan,42,0,5.363042433728297e-10,0
2026-04-11,AP Dhillon,Thodi Si Daaru,43,0,2.416680105431696e-12,0
2026-04-11,Shashwat Sachdev,Ishq Jalakar - Karvaan,44,0,1.15987576373822e-12,0
2026-04-11,G. V. Prakash,Mutta Kalakki,45,0,3.726820700526189e-11,0
2026-04-11,Arijit Singh,Zaalima,46,0,6.358706831785902e-13,0
2026-04-11,Dhanda Nyoliwala,Not Guilty,47,0,1.8058053135104151e-12,0
2026-04-11,thiarajxtt,Jogi,48,0,1.8360335185705783e-14,0
2026-04-11,Gajendra Verma,Mann Mera - Original Version,49,0,3.525040487249695e-14,0
2026-04-11,Arijit Singh,Humdard,50,0,3.733791458125743e-14,0
2026-04-12,Banjaare,Bairan,1,1,0.9998376285598037,1
2026-04-12,Shashwat Sachdev,Gehra Hua,2,1,0.9993509078004802,1
2026-04-12,Shashwat Sachdev,Jaiye Sajana,3,1,0.9958164791243509,1
2026-04-12,Mitta Ror,Sheesha - Aakhya Mai Aakh Ghali Jo Bairan,4,1,0.9926719078313198,1
2026-04-12,Navjot Ahuja,Khat,5,1,0.9954193303749223,1
2026-04-12,Paresh Pahuja,Dooron Dooron,6,1,0.9893149273605637,1
2026-04-12,Aditya Rikhari,Sahiba,7,1,0.9833972965998538,1
2026-04-12,Shashwat Sachdev,Dhurandhar The Revenge - Aari Aari,8,1,0.8803500426711752,1
2026-04-12,Arijit Singh,Sitaare,9,1,0.8821596440334094,1
2026-04-12,Jawad Ahmad,Samjhawan,10,0,0.6528993243619609,1
2026-04-12,Sachin-Jigar,Apna Bana Le,11,1,0.3890446398334206,0
2026-04-12,Kushagra,Finding Her,12,0,0.3826117337509996,0
2026-04-12,Sai Abhyankkar,Pavazha Malli,13,0,0.03765127453860604,0
2026-04-12,Shashwat Sachdev,Shararat,14,0,0.03253761627919524,0
2026-04-12,Shashwat Sachdev,Jaan Se Guzarte Hain,15,0,0.007886390349501313,0
2026-04-12,Karan Aujla,Boyfriend,16,0,0.0007451366768072466,0
2026-04-12,Anuv Jain,Arz Kiya Hai | Coke Studio Bharat,17,0,0.007480773265835299,0
2026-04-12,Gajendra Verma,Mann Mera,18,0,0.0036416919455064477,0
2026-04-12,Faheem Abdullah,Ishq,19,0,0.0015357700613647138,0
2026-04-12,Tanishk Bagchi,Saiyaara,20,0,0.0005393393222305792,0
2026-04-12,Virat,Bairi,21,0,2.6541410958623386e-05,0
2026-04-12,Karan Aujla,For A Reason,22,0,5.781505401926162e-06,0
2026-04-12,Mithoon,Darkhaast,23,0,3.269772374020692e-05,0
2026-04-12,Shashwat Sachdev,Naal Nachna,24,0,8.434592215273426e-06,0
2026-04-12,Vishal Mishra,Tum Ho Toh,25,0,1.1135379829798427e-05,0
2026-04-12,Shashwat Sachdev,Dhurandhar - Title Track,26,0,3.128774686921262e-06,0
2026-04-12,Zeeshan Ali,Ishqa Ve,27,0,1.2534699107035863e-06,0
2026-04-12,Atif Aslam,Tere Liye,28,0,2.484660189413053e-07,0
2026-04-12,Sachet-Parampara,Raanjhan,29,0,3.8035497803634856e-07,0
2026-04-12,A.R. Rahman,Deewaana Deewaana,30,0,1.1137606040580362e-07,0
2026-04-12,A.R. Rahman,Tere Bina,31,0,5.675577070288734e-08,0
2026-04-12,Anuv Jain,Jo Tum Mere Ho,32,0,4.427897639943601e-08,0
2026-04-12,Alka Yagnik,Agar Tum Saath Ho,33,0,9.276675608571299e-09,0
2026-04-12,Shashwat Sachdev,Lutt Le Gaya,34,0,3.976520537504127e-09,0
2026-04-12,Kailash Kher,Teri Deewani,35,0,4.0473960357689926e-08,0
2026-04-12,Shashwat Sachdev,Phir Se,36,0,7.867541479763891e-11,0
2026-04-12,Faheem Abdullah,Ehsaas,37,0,1.185620183465633e-06,0
2026-04-12,Pritam,Ye Tune Kya Kiya,38,0,2.803167202321049e-10,0
2026-04-12,Talwiinder,Haseen,39,0,2.4530050064361924e-12,0
2026-04-12,Shashwat Sachdev,Run Down The City - Monica,40,0,5.160186896577377e-12,0
2026-04-12,The Rish,Barbaad,41,0,1.1548521067457481e-11,0
2026-04-12,G. V. Prakash,Mutta Kalakki,42,0,1.2515713033530863e-09,0
2026-04-12,Arijit Singh,Mast Magan,43,0,1.2195666282103152e-10,0
2026-04-12,Arijit Singh,Zaalima,44,0,6.691464239690161e-12,0
2026-04-12,AP Dhillon,Thodi Si Daaru,45,0,3.147241954232666e-13,0
2026-04-12,Shashwat Sachdev,Ishq Jalakar - Karvaan,46,0,2.2725320044146695e-13,0
2026-04-12,Arijit Singh,Humdard,47,0,1.5761193238748855e-12,0
2026-04-12,Gajendra Verma,Mann Mera - Original Version,48,0,8.39234888243177e-14,0
2026-04-12,thiarajxtt,Jogi,49,0,3.411557046595903e-15,0
2026-04-12,Anirudh Ravichander,Aaya Sher,50,0,4.60337396290751e-12,0
2026-04-13,Banjaare,Bairan,1,1,0.99984240730797,1
2026-04-13,Shashwat Sachdev,Jaiye Sajana,2,1,0.9984571969605265,1
2026-04-13,Mitta Ror,Sheesha - Aakhya Mai Aakh Ghali Jo Bairan,3,1,0.9972745732054377,1
2026-04-13,Shashwat Sachdev,Gehra Hua,4,1,0.9956345037157464,1
2026-04-13,Navjot Ahuja,Khat,5,1,0.9955551910579604,1
2026-04-13,Arijit Singh,Sitaare,6,1,0.9878146609234023,1
2026-04-13,Paresh Pahuja,Dooron Dooron,7,1,0.9765045663874702,1
2026-04-13,Aditya Rikhari,Sahiba,8,1,0.9587357101751974,1
2026-04-13,Sachin-Jigar,Apna Bana Le,9,0,0.8190252667376833,1
2026-04-13,Shashwat Sachdev,Dhurandhar The Revenge - Aari Aari,10,0,0.4895188581674507,0
2026-04-13,Jawad Ahmad,Samjhawan,11,1,0.5257945407718558,1
2026-04-13,Sai Abhyankkar,Pavazha Malli,12,0,0.08481346312481076,0
2026-04-13,Kushagra,Finding Her,13,1,0.2417512492183061,0
2026-04-13,Shashwat Sachdev,Jaan Se Guzarte Hain,14,0,0.021175510002311826,0
2026-04-13,Anuv Jain,Arz Kiya Hai | Coke Studio Bharat,15,0,0.05771874317622369,0
2026-04-13,Karan Aujla,Boyfriend,16,0,0.0006717060813355519,0
2026-04-13,Gajendra Verma,Mann Mera,17,0,0.011217443941954522,0
2026-04-13,Faheem Abdullah,Ishq,18,0,0.0041540606617888704,0
2026-04-13,Shashwat Sachdev,Shararat,19,0,0.0002387322278164789,0
2026-04-13,Tanishk Bagchi,Saiyaara,20,0,0.0006371039292070486,0
2026-04-13,Mithoon,Darkhaast,21,0,0.0004600796540105701,0
2026-04-13,Karan Aujla,For A Reason,22,0,3.4696018939400746e-06,0
2026-04-13,Virat,Bairi,23,0,2.6371443824523003e-06,0
2026-04-13,Shashwat Sachdev,Naal Nachna,24,0,5.798967565764807e-06,0
2026-04-13,Shashwat Sachdev,Dhurandhar - Title Track,25,0,8.481650514632379e-06,0
2026-04-13,Atif Aslam,Tere Liye,26,0,3.48898833774153e-06,0
2026-04-13,Vishal Mishra,Tum Ho Toh,27,0,2.1838435865615224e-06,0
2026-04-13,Zeeshan Ali,Ishqa Ve,28,0,4.302924240684447e-07,0
2026-04-13,A.R. Rahman,Deewaana Deewaana,29,0,2.637253278647085e-07,0
2026-04-13,Shashwat Sachdev,Phir Se,30,0,2.3322165686767625e-08,0
2026-04-13,Anuv Jain,Jo Tum Mere Ho,31,0,1.202169441331227e-07,0
2026-04-13,Sachet-Parampara,Raanjhan,32,0,2.157408885805352e-08,0
2026-04-13,Alka Yagnik,Agar Tum Saath Ho,33,0,9.575299525302488e-09,0
2026-04-13,A.R. Rahman,Tere Bina,34,0,3.6972549912551253e-09,0
2026-04-13,Shashwat Sachdev,Lutt Le Gaya,35,0,1.0394699155681846e-09,0
2026-04-13,Faheem Abdullah,Ehsaas,36,0,3.71570017388036e-06,0
2026-04-13,Pritam,Ye Tune Kya Kiya,37,0,6.639637447011819e-10,0
2026-04-13,The Rish,Barbaad,38,0,2.15951410467707e-10,0
2026-04-13,Kailash Kher,Teri Deewani,39,0,6.595620345646208e-10,0
2026-04-13,Talwiinder,Haseen,40,0,1.657803149033137e-12,0
2026-04-13,Shashwat Sachdev,Run Down The City - Monica,41,0,2.324116402992078e-12,0
2026-04-13,thiarajxtt,Jogi,42,0,2.7688775737106516e-12,0
2026-04-13,Arijit Singh,Mast Magan,43,0,9.636271274577525e-11,0
2026-04-13,Gajendra Verma,Mann Mera - Original Version,44,0,9.279099343169199e-12,0
2026-04-13,Arijit Singh,Zaalima,45,0,3.0888316809156064e-12,0
2026-04-13,Dhanda Nyoliwala,Not Guilty,46,0,1.0708501130816911e-11,0
2026-04-13,G. V. Prakash,Mutta Kalakki,47,0,5.351720179642014e-12,0
2026-04-13,Shashwat Sachdev,Ishq Jalakar - Karvaan,48,0,2.5881455290070878e-14,0
2026-04-13,Maanu,Jhol - Acoustic,49,0,1.493973082850997e-13,0
2026-04-13,AP Dhillon,Thodi Si Daaru,50,0,1.707436804254477e-15,0
